n_stations,gross_welfare,total_cost,net_welfare,coverage_rate,n_covered,n_demands
20,1646.327579,500,1146.327579,0.01851502,98,5293
30,2173.269482,750,1423.269482,0.023993954,127,5293
40,2550.043791,1000,1550.043791,0.034385037,182,5293
50,2833.043791,1225,1608.043791,0.041375401,219,5293
60,2833.043791,1225,1608.043791,0.041375401,219,5293
70,2833.043791,1225,1608.043791,0.041375401,219,5293
80,2833.043791,1225,1608.043791,0.041375401,219,5293
