n_stations,gross_welfare,total_cost,net_welfare,coverage_rate,n_covered,n_demands
20,1620.3275794571844,500.0,1120.3275794571844,0.018703948611373512,99,5293
30,2148.2694818933387,750.0,1398.2694818933387,0.024371811826941245,129,5293
40,2369.702836255251,900.0,1469.702836255251,0.03117324768562252,165,5293
50,2369.702836255251,900.0,1469.702836255251,0.03117324768562252,165,5293
60,2369.702836255251,900.0,1469.702836255251,0.03117324768562252,165,5293
70,2369.702836255251,900.0,1469.702836255251,0.03117324768562252,165,5293
80,2369.702836255251,900.0,1469.702836255251,0.03117324768562252,165,5293
